make,model,from_year,to_year,body,fuel,tank_litres,source
Audi,Q5,2015,2017,suv,Diesel,75,https://www.carsguide.com.au/audi/q5/2017
Audi,Q5,2018,,suv,Diesel,65,https://www.carsguide.com.au/audi/q5/2018
BMW,3 Series,2015,,sedan,U95,60,https://www.carsguide.com.au/bmw/3-series/2018
BMW,X1,2015,,suv,U95,61,https://www.carsguide.com.au/bmw/x1/2018
BMW,X3,2015,2017,suv,U95,67,https://www.carsguide.com.au/bmw/x3/2016
BMW,X3,2018,,suv,U95,65,https://www.carsguide.com.au/bmw/x3/2018
BYD,Sealion 6,2025,,suv,U95,60,https://www.carsguide.com.au/byd/sealion-6/2025
BYD,Shark 6,2024,,ute,U95,60,https://www.carsguide.com.au/byd/shark-6/2024
Ford,EcoSport,2015,2023,suv,U91,52,https://www.carsguide.com.au/ford/ecosport/2016
Ford,Escape,2020,,suv,U91,57,https://www.carsguide.com.au/ford/escape/2024
Ford,Everest,2015,2022,suv,Diesel,80,https://www.carsguide.com.au/ford/everest/2019
Ford,Everest,2023,,suv,Diesel,80,https://www.carsguide.com.au/ford/everest/2023
Ford,Fiesta,2015,2022,hatch,U91,42,https://www.carsguide.com.au/ford/fiesta/2018
Ford,Focus,2015,2022,hatch,U91,55,https://www.carsguide.com.au/ford/focus/2018
Ford,Puma,2020,,suv,U95,42,https://www.carsguide.com.au/ford/puma/2021
Ford,Ranger,2015,2022,ute,Diesel,80,https://www.carsguide.com.au/ford/ranger/2019
Ford,Ranger,2023,,ute,Diesel,80,https://www.carsguide.com.au/ford/ranger/2023
Ford,Territory,2015,2016,suv,Diesel,75,https://www.carsguide.com.au/ford/territory/2016
GWM,Haval H6,2021,,suv,U95,61,https://www.carsguide.com.au/gwm/haval-h6/2022
GWM,Haval Jolion,2021,,suv,U95,55,https://www.carsguide.com.au/gwm/haval-jolion/2022
GWM,Tank 300,2023,,suv,U95,75,https://www.carsguide.com.au/gwm/tank-300/2023
Holden,Astra,2016,2020,hatch,U91,52,https://www.carsguide.com.au/holden/astra/2018
Holden,Barina,2015,2018,hatch,U91,46,https://www.carsguide.com.au/holden/barina/2017
Holden,Captiva,2015,2018,suv,Diesel,65,https://www.carsguide.com.au/holden/captiva/2017
Holden,Colorado,2015,2020,ute,Diesel,76,https://www.carsguide.com.au/holden/colorado/2018
Holden,Commodore,2015,2017,sedan,U91,73,https://www.carsguide.com.au/holden/commodore/2016
Holden,Commodore,2018,2020,sedan,U95,62,https://www.carsguide.com.au/holden/commodore/2019
Holden,Cruze,2015,2016,hatch,U91,60,https://www.carsguide.com.au/holden/cruze/2016
Holden,Trax,2015,2020,suv,U91,53,https://www.carsguide.com.au/holden/trax/2018
Honda,Accord,2015,2022,sedan,U91,65,https://www.carsguide.com.au/honda/accord/2018
Honda,CR-V,2015,2017,suv,U91,58,https://www.carsguide.com.au/honda/cr-v/2016
Honda,CR-V,2018,2022,suv,U91,57,https://www.carsguide.com.au/honda/cr-v/2019
Honda,CR-V,2023,,suv,U91,57,https://www.carsguide.com.au/honda/cr-v/2024
Honda,Civic,2016,2021,hatch,U91,47,https://www.carsguide.com.au/honda/civic/2018
Honda,Civic,2022,,hatch,U91,47,https://www.carsguide.com.au/honda/civic/2023
Honda,HR-V,2015,2021,suv,U91,50,https://www.carsguide.com.au/honda/hr-v/2018
Honda,HR-V,2022,,suv,U91,40,https://www.carsguide.com.au/honda/hr-v/2023
Honda,Jazz,2015,2020,hatch,U91,40,https://www.carsguide.com.au/honda/jazz/2018
Honda,Odyssey,2015,2020,van,U91,55,https://www.carsguide.com.au/honda/odyssey/2016
Hyundai,Accent,2015,2023,hatch,U91,43,https://www.carsguide.com.au/hyundai/accent/2018
Hyundai,Elantra,2016,2020,sedan,U91,50,https://www.carsguide.com.au/hyundai/elantra/2018
Hyundai,Elantra,2021,,sedan,U91,50,https://www.carsguide.com.au/hyundai/elantra/2022
Hyundai,Kona,2018,2023,suv,U91,50,https://www.carsguide.com.au/hyundai/kona/2019
Hyundai,Kona,2024,,suv,U91,47,https://www.carsguide.com.au/hyundai/kona/2024
Hyundai,Palisade,2019,,suv,Diesel,71,https://www.carsguide.com.au/hyundai/palisade/2020
Hyundai,Santa Fe,2015,2018,suv,Diesel,64,https://www.carsguide.com.au/hyundai/santa-fe/2016
Hyundai,Santa Fe,2019,2023,suv,Diesel,71,https://www.carsguide.com.au/hyundai/santa-fe/2020
Hyundai,Santa Fe,2024,,suv,U91,67,https://www.carsguide.com.au/hyundai/santa-fe/2024
Hyundai,Staria,2022,,van,Diesel,75,https://www.carsguide.com.au/hyundai/staria/2023
Hyundai,Tucson,2016,2020,suv,U91,62,https://www.carsguide.com.au/hyundai/tucson/2018
Hyundai,Tucson,2021,,suv,U91,54,https://www.carsguide.com.au/hyundai/tucson/2022
Hyundai,Venue,2020,,suv,U91,45,https://www.carsguide.com.au/hyundai/venue/2021
Hyundai,i20,2015,2019,hatch,U91,40,https://www.carsguide.com.au/hyundai/i20/2016
Hyundai,i30,2015,2016,hatch,U91,53,https://www.carsguide.com.au/hyundai/i30/2015
Hyundai,i30,2017,,hatch,U91,50,https://www.carsguide.com.au/hyundai/i30/2019
Hyundai,iLoad,2015,,van,Diesel,75,https://www.carsguide.com.au/hyundai/iload/2018
Hyundai,iMax,2015,2021,van,Diesel,75,https://www.carsguide.com.au/hyundai/imax/2018
Isuzu,D-Max,2015,2020,ute,Diesel,76,https://www.carsguide.com.au/isuzu/d-max/2018
Isuzu,D-Max,2021,,ute,Diesel,76,https://www.carsguide.com.au/isuzu/d-max/2022
Isuzu,MU-X,2015,2020,suv,Diesel,65,https://www.carsguide.com.au/isuzu/mu-x/2018
Isuzu,MU-X,2021,,suv,Diesel,80,https://www.carsguide.com.au/isuzu/mu-x/2022
Jeep,Compass,2017,,suv,U91,60,https://www.carsguide.com.au/jeep/compass/2019
Kia,Carnival,2015,2020,van,Diesel,80,https://www.carsguide.com.au/kia/carnival/2018
Kia,Carnival,2021,,van,Diesel,72,https://www.carsguide.com.au/kia/carnival/2022
Kia,Cerato,2015,2018,hatch,U91,50,https://www.carsguide.com.au/kia/cerato/2016
Kia,Cerato,2019,,hatch,U91,50,https://www.carsguide.com.au/kia/cerato/2020
Kia,Niro,2017,2021,suv,U91,45,https://www.carsguide.com.au/kia/niro/2021
Kia,Picanto,2015,,hatch,U91,35,https://www.carsguide.com.au/kia/picanto/2018
Kia,Rio,2015,2017,hatch,U91,43,https://www.carsguide.com.au/kia/rio/2017
Kia,Rio,2018,2023,hatch,U91,45,https://www.carsguide.com.au/kia/rio/2018
Kia,Seltos,2020,,suv,U91,50,https://www.carsguide.com.au/kia/seltos/2021
Kia,Sorento,2015,2020,suv,Diesel,71,https://www.carsguide.com.au/kia/sorento/2017
Kia,Sorento,2021,,suv,Diesel,67,https://www.carsguide.com.au/kia/sorento/2022
Kia,Sportage,2016,2021,suv,U91,62,https://www.carsguide.com.au/kia/sportage/2018
Kia,Sportage,2022,,suv,U91,54,https://www.carsguide.com.au/kia/sportage/2023
Kia,Stinger,2018,2023,sedan,U95,60,https://www.carsguide.com.au/kia/stinger/2019
Kia,Stonic,2020,,suv,U91,45,https://www.carsguide.com.au/kia/stonic/2021
LDV,G10,2015,2021,van,Diesel,75,https://www.carsguide.com.au/ldv/g10/2018
LDV,T60,2017,,ute,Diesel,75,https://www.carsguide.com.au/ldv/t60/2019
Land Rover,Defender,2020,,suv,U95,90,https://www.carsguide.com.au/land-rover/defender/2021
Lexus,NX,2015,,suv,U95,60,https://www.carsguide.com.au/lexus/nx/2018
MG,HS,2019,,suv,U91,55,https://www.carsguide.com.au/mg/hs/2021
MG,MG3,2015,,hatch,U95,45,https://www.carsguide.com.au/mg/mg3/2019
MG,ZS,2018,2023,suv,U91,48,https://www.carsguide.com.au/mg/zs/2021
MG,ZS,2024,,suv,U91,48,https://www.carsguide.com.au/mg/zs/2024
MG,ZST,2023,,suv,U91,48,https://www.carsguide.com.au/mg/zst/2023
Mazda,BT-50,2015,2020,ute,Diesel,80,https://www.carsguide.com.au/mazda/bt-50/2018
Mazda,BT-50,2021,,ute,Diesel,76,https://www.carsguide.com.au/mazda/bt-50/2022
Mazda,CX-3,2015,,suv,U91,48,https://www.carsguide.com.au/mazda/cx-3/2016
Mazda,CX-30,2020,,suv,U91,51,https://www.carsguide.com.au/mazda/cx-30/2021
Mazda,CX-5,2015,2016,suv,U91,56,https://www.carsguide.com.au/mazda/cx-5/2016
Mazda,CX-5,2017,,suv,U91,56,https://www.carsguide.com.au/mazda/cx-5/2020
Mazda,CX-8,2018,2023,suv,Diesel,72,https://www.carsguide.com.au/mazda/cx-8/2019
Mazda,CX-9,2016,2017,suv,U91,74,https://www.carsguide.com.au/mazda/cx-9/2017
Mazda,CX-9,2018,,suv,U91,72,https://www.carsguide.com.au/mazda/cx-9/2018
Mazda,Mazda2,2015,2023,hatch,U91,44,https://www.carsguide.com.au/mazda/mazda2/2018
Mazda,Mazda3,2015,2018,hatch,U91,51,https://www.carsguide.com.au/mazda/3/2016
Mazda,Mazda3,2019,,hatch,U91,51,https://www.carsguide.com.au/mazda/3/2021
Mercedes-Benz,A-Class,2018,,hatch,U95,43,https://www.carsguide.com.au/mercedes-benz/a-class/2019
Mercedes-Benz,GLC,2016,,suv,U95,66,https://www.carsguide.com.au/mercedes-benz/glc-class/2018
Mitsubishi,ASX,2015,,suv,U91,63,https://www.carsguide.com.au/mitsubishi/asx/2019
Mitsubishi,Eclipse Cross,2018,,suv,U91,63,https://www.carsguide.com.au/mitsubishi/eclipse-cross/2020
Mitsubishi,Mirage,2015,2023,hatch,U91,35,https://www.carsguide.com.au/mitsubishi/mirage/2018
Mitsubishi,Outlander,2015,2021,suv,U91,63,https://www.carsguide.com.au/mitsubishi/outlander/2017
Mitsubishi,Outlander,2022,,suv,U91,55,https://www.carsguide.com.au/mitsubishi/outlander/2023
Mitsubishi,Pajero,2015,2021,suv,Diesel,88,https://www.carsguide.com.au/mitsubishi/pajero/2016
Mitsubishi,Pajero Sport,2016,,suv,Diesel,68,https://www.carsguide.com.au/mitsubishi/pajero-sport/2019
Mitsubishi,Triton,2015,2018,ute,Diesel,75,https://www.carsguide.com.au/mitsubishi/triton/2016
Mitsubishi,Triton,2019,2023,ute,Diesel,75,https://www.carsguide.com.au/mitsubishi/triton/2020
Mitsubishi,Triton,2024,,ute,Diesel,75,https://www.carsguide.com.au/mitsubishi/triton/2024
Nissan,Juke,2015,2019,suv,U95,46,https://www.carsguide.com.au/nissan/juke/2016
Nissan,Navara,2015,2020,ute,Diesel,80,https://www.carsguide.com.au/nissan/navara/2018
Nissan,Navara,2021,,ute,Diesel,80,https://www.carsguide.com.au/nissan/navara/2022
Nissan,Pathfinder,2015,2021,suv,U95,73,https://www.carsguide.com.au/nissan/pathfinder/2018
Nissan,Patrol,2015,,suv,U95,140,https://www.carsguide.com.au/nissan/patrol/2018
Nissan,Pulsar,2015,2017,sedan,U91,52,https://www.carsguide.com.au/nissan/pulsar/2016
Nissan,Qashqai,2015,2021,suv,U91,65,https://www.carsguide.com.au/nissan/qashqai/2018
Nissan,Qashqai,2022,,suv,U95,55,https://www.carsguide.com.au/nissan/qashqai/2023
Nissan,X-Trail,2015,2021,suv,U91,60,https://www.carsguide.com.au/nissan/x-trail/2018
Nissan,X-Trail,2022,,suv,U91,55,https://www.carsguide.com.au/nissan/x-trail/2023
Renault,Koleos,2017,,suv,U91,60,https://www.carsguide.com.au/renault/koleos/2019
Renault,Trafic,2015,,van,Diesel,80,https://www.carsguide.com.au/renault/trafic/2018
Skoda,Karoq,2018,,suv,U95,50,https://www.carsguide.com.au/skoda/karoq/2019
Skoda,Kodiaq,2017,,suv,U95,60,https://www.carsguide.com.au/skoda/kodiaq/2019
Skoda,Octavia,2015,,hatch,U95,50,https://www.carsguide.com.au/skoda/octavia/2018
Subaru,Crosstrek,2023,,suv,U91,63,https://www.carsguide.com.au/subaru/crosstrek/2024
Subaru,Forester,2015,2018,suv,U91,60,https://www.carsguide.com.au/subaru/forester/2016
Subaru,Forester,2019,2024,suv,U91,63,https://www.carsguide.com.au/subaru/forester/2021
Subaru,Impreza,2017,,hatch,U91,50,https://www.carsguide.com.au/subaru/impreza/2019
Subaru,Liberty,2015,2020,sedan,U91,60,https://www.carsguide.com.au/subaru/liberty/2018
Subaru,Outback,2015,2020,wagon,U91,60,https://www.carsguide.com.au/subaru/outback/2018
Subaru,Outback,2021,,wagon,U91,63,https://www.carsguide.com.au/subaru/outback/2022
Subaru,WRX,2015,2021,sedan,U95,60,https://www.carsguide.com.au/subaru/wrx/2018
Subaru,XV,2015,2022,suv,U91,60,https://www.carsguide.com.au/subaru/xv/2018
Suzuki,Baleno,2016,2022,hatch,U91,37,https://www.carsguide.com.au/suzuki/baleno/2018
Suzuki,Ignis,2017,,hatch,U91,32,https://www.carsguide.com.au/suzuki/ignis/2019
Suzuki,Jimny,2019,,suv,U91,40,https://www.carsguide.com.au/suzuki/jimny/2021
Suzuki,S-Cross,2017,,suv,U95,47,https://www.carsguide.com.au/suzuki/s-cross/2019
Suzuki,Swift,2017,2023,hatch,U91,37,https://www.carsguide.com.au/suzuki/swift/2019
Suzuki,Swift,2024,,hatch,U91,37,https://www.carsguide.com.au/suzuki/swift/2024
Suzuki,Vitara,2015,,suv,U91,47,https://www.carsguide.com.au/suzuki/vitara/2018
Toyota,C-HR,2017,2023,suv,U95,50,https://www.carsguide.com.au/toyota/c-hr/2019
Toyota,Camry,2015,2017,sedan,U91,70,https://www.carsguide.com.au/toyota/camry/2016
Toyota,Camry,2018,2024,sedan,U91,60,https://www.carsguide.com.au/toyota/camry/2020
Toyota,Camry Hybrid,2015,2017,sedan,U91,65,https://www.carsguide.com.au/toyota/camry/2016
Toyota,Camry Hybrid,2018,2024,sedan,U91,50,https://www.carsguide.com.au/toyota/camry/2020
Toyota,Corolla,2015,2018,hatch,U91,50,https://www.carsguide.com.au/toyota/corolla/2017
Toyota,Corolla,2019,,hatch,U91,50,https://www.carsguide.com.au/toyota/corolla/2021
Toyota,Corolla Cross,2022,,suv,U91,47,https://www.carsguide.com.au/toyota/corolla-cross/2023
Toyota,Corolla Cross Hybrid,2022,,suv,U91,43,https://www.carsguide.com.au/toyota/corolla-cross/2023
Toyota,Corolla Hybrid,2019,,hatch,U91,43,https://www.carsguide.com.au/toyota/corolla/2021
Toyota,Fortuner,2015,,suv,Diesel,80,https://www.carsguide.com.au/toyota/fortuner/2020
Toyota,HiAce,2015,,van,Diesel,70,https://www.carsguide.com.au/toyota/hiace/2020
Toyota,HiLux,2015,,ute,Diesel,80,https://www.carsguide.com.au/toyota/hilux/2022
Toyota,Kluger,2015,2020,suv,U91,72,https://www.carsguide.com.au/toyota/kluger/2018
Toyota,Kluger,2021,,suv,U91,68,https://www.carsguide.com.au/toyota/kluger/2022
Toyota,Kluger Hybrid,2021,,suv,U91,65,https://www.carsguide.com.au/toyota/kluger/2022
Toyota,LandCruiser 200 Series,2015,2021,suv,Diesel,138,https://www.carsguide.com.au/toyota/landcruiser/2016
Toyota,LandCruiser 300 Series,2022,,suv,Diesel,110,https://www.carsales.com.au/editorial/details/shorter-fuel-range-for-new-toyota-landcruiser-examined-132344/
Toyota,LandCruiser 70 Series,2015,,suv,Diesel,130,https://www.carsguide.com.au/toyota/landcruiser/2020
Toyota,Prado,2015,2023,suv,Diesel,150,https://www.carsguide.com.au/toyota/landcruiser-prado/2018
Toyota,Prado,2024,,suv,Diesel,110,https://www.carsguide.com.au/toyota/landcruiser-prado/2025
Toyota,RAV4,2015,2018,suv,U91,60,https://www.carsguide.com.au/toyota/rav4/2017
Toyota,RAV4,2019,,suv,U91,55,https://www.carsguide.com.au/toyota/rav4/2021
Toyota,Tarago,2015,2019,van,U95,65,https://www.carsguide.com.au/toyota/tarago/2017
Toyota,Yaris,2015,2019,hatch,U91,42,https://www.carsguide.com.au/toyota/yaris/2017
Toyota,Yaris,2020,,hatch,U91,40,https://www.carsguide.com.au/toyota/yaris/2021
Toyota,Yaris Cross,2020,,suv,U91,42,https://www.carsguide.com.au/toyota/yaris-cross/2022
Toyota,Yaris Hybrid,2020,,hatch,U91,36,https://www.carsguide.com.au/toyota/yaris/2021
Volkswagen,Amarok,2015,2022,ute,Diesel,80,https://www.carsguide.com.au/volkswagen/amarok/2018
Volkswagen,Amarok,2023,,ute,Diesel,80,https://www.carsguide.com.au/volkswagen/amarok/2024
Volkswagen,Caddy,2015,,van,Diesel,55,https://www.carsguide.com.au/volkswagen/caddy/2018
Volkswagen,Golf,2015,2020,hatch,U95,50,https://www.carsguide.com.au/volkswagen/golf/2018
Volkswagen,Golf,2021,,hatch,U95,50,https://www.carsguide.com.au/volkswagen/golf/2022
Volkswagen,Passat,2015,2023,sedan,U95,70,https://www.carsguide.com.au/volkswagen/passat/2018
Volkswagen,Polo,2015,,hatch,U95,45,https://www.carsguide.com.au/volkswagen/polo/2018
Volkswagen,T-Roc,2020,,suv,U95,50,https://www.carsguide.com.au/volkswagen/t-roc/2021
Volkswagen,Tiguan,2016,2023,suv,U95,58,https://www.carsguide.com.au/volkswagen/tiguan/2018
Volkswagen,Transporter,2015,,van,Diesel,80,https://www.carsguide.com.au/volkswagen/transporter/2018
